reporting_lag,amount,mule_hops,dist_km,past_cases,crime_type,target_cashout
70,25000.0,2,1.24,6,UPI Fraud,0
187,300000.0,2,0.39,8,Investment Scam,0
33,1200000.0,3,0.21,8,Investment Scam,1
5,100000.0,2,0.38,6,Card Fraud,1
55,300000.0,4,1.24,5,Investment Scam,0
42,15000.0,3,1.27,4,UPI Fraud,0
11,25000.0,1,1.64,14,UPI Fraud,1
97,850000.0,3,1.92,5,Job Scam,0
19,150000.0,2,0.33,11,Phishing,1
41,20000.0,1,0.68,3,Card Fraud,0
11,120000.0,2,0.8,10,UPI Fraud,1
9,10000.0,2,0.52,10,Card Fraud,1
10,120000.0,2,1.35,6,UPI Fraud,1
41,75000.0,2,2.14,11,Phishing,0
92,48000.0,2,0.48,12,UPI Fraud,0
53,250000.0,3,3.53,7,Job Scam,0
6,40000.0,1,1.16,10,Card Fraud,1
6,100000.0,1,1.17,12,Card Fraud,1
8,8000.0,2,0.37,13,UPI Fraud,1
40,25000.0,2,1.28,3,UPI Fraud,0
15,120000.0,3,0.64,6,UPI Fraud,1
8,150000.0,1,0.58,10,Phishing,1
80,15000.0,2,2.05,7,UPI Fraud,0
7,15000.0,1,0.27,9,UPI Fraud,1
13,48000.0,1,0.2,9,UPI Fraud,1
9,75000.0,1,3.4,17,Phishing,1
9,120000.0,1,0.27,6,UPI Fraud,1
30,85000.0,3,0.2,12,UPI Fraud,1
48,75000.0,1,2.94,7,Phishing,0
69,48000.0,2,1.35,9,UPI Fraud,0
13,100000.0,1,0.3,6,Card Fraud,1
93,2000000.0,3,0.47,13,Investment Scam,1
15,120000.0,1,0.3,10,UPI Fraud,1
13,850000.0,2,3.25,8,Job Scam,1
33,25000.0,2,3.75,8,UPI Fraud,0
204,50000.0,2,0.79,8,Job Scam,0
68,2000000.0,2,0.72,11,Investment Scam,0
120,2000000.0,5,1.12,12,Investment Scam,0
30,45000.0,2,0.59,16,Phishing,0
67,150000.0,4,0.76,12,Investment Scam,1
7,25000.0,1,1.38,7,UPI Fraud,1
11,85000.0,1,1.1,7,UPI Fraud,1
29,75000.0,3,0.23,9,Phishing,1
22,600000.0,4,2.86,8,Investment Scam,1
9,15000.0,2,0.47,13,UPI Fraud,1
19,120000.0,2,0.47,4,UPI Fraud,1
8,8000.0,1,1.04,12,UPI Fraud,1
36,120000.0,3,1.64,10,UPI Fraud,0
17,20000.0,2,0.62,14,Card Fraud,1
33,120000.0,1,1.98,16,UPI Fraud,0
21,75000.0,1,1.09,12,Phishing,1
10,8000.0,1,1.16,9,UPI Fraud,1
32,15000.0,1,1.24,12,UPI Fraud,0
32,25000.0,3,1.15,14,UPI Fraud,0
103,250000.0,3,0.76,3,Job Scam,0
15,8000.0,3,3.23,8,UPI Fraud,1
12,85000.0,2,1.35,5,UPI Fraud,1
130,8000.0,2,0.6,13,UPI Fraud,0
29,50000.0,1,2.52,6,Card Fraud,0
84,150000.0,3,0.5,15,Investment Scam,1
6,15000.0,1,0.43,7,UPI Fraud,1
23,48000.0,3,0.66,11,UPI Fraud,1
27,20000.0,1,0.51,6,Card Fraud,0
17,500000.0,3,0.23,7,Job Scam,1
26,85000.0,1,3.1,6,UPI Fraud,0
16,20000.0,2,0.84,14,Phishing,1
27,20000.0,1,1.71,10,Phishing,0
18,120000.0,3,1.03,13,Job Scam,1
228,45000.0,2,3.12,11,Phishing,0
15,150000.0,2,2.75,14,Phishing,1
14,25000.0,1,0.16,3,UPI Fraud,1
17,20000.0,2,0.8,7,Phishing,1
4,120000.0,1,0.29,13,UPI Fraud,1
35,600000.0,3,0.46,5,Investment Scam,1
108,250000.0,3,1.04,12,Job Scam,0
18,25000.0,3,2.53,9,UPI Fraud,0
29,85000.0,3,0.23,13,UPI Fraud,1
62,48000.0,2,1.83,7,UPI Fraud,0
41,120000.0,2,0.51,6,UPI Fraud,0
28,600000.0,4,1.09,10,Investment Scam,1
20,45000.0,1,2.45,11,Phishing,0
17,48000.0,2,0.87,9,UPI Fraud,1
54,100000.0,1,0.76,7,Card Fraud,0
47,25000.0,3,0.4,12,UPI Fraud,1
29,48000.0,2,0.46,11,UPI Fraud,0
50,150000.0,2,0.2,9,Phishing,1
20,8000.0,3,0.25,10,UPI Fraud,1
52,50000.0,2,1.09,14,Job Scam,0
10,85000.0,2,1.3,7,UPI Fraud,1
20,150000.0,3,1.41,4,Phishing,1
39,20000.0,2,0.82,12,Card Fraud,0
81,150000.0,1,0.9,10,Phishing,0
15,120000.0,2,0.68,10,UPI Fraud,1
5,120000.0,2,0.86,10,UPI Fraud,1
93,1200000.0,4,1.13,5,Investment Scam,0
15,20000.0,3,0.61,5,Phishing,1
57,50000.0,3,0.5,8,Job Scam,1
32,85000.0,2,2.58,13,UPI Fraud,0
23,20000.0,2,0.66,8,Phishing,0
51,150000.0,2,2.13,6,Phishing,0
14,85000.0,2,1.1,7,UPI Fraud,1
17,20000.0,1,0.18,10,Card Fraud,1
4,85000.0,3,0.48,7,UPI Fraud,1
39,25000.0,2,0.26,11,UPI Fraud,1
36,50000.0,3,1.05,3,Job Scam,0
55,75000.0,2,0.79,11,Phishing,0
13,75000.0,3,0.92,8,Phishing,1
11,85000.0,2,0.85,9,UPI Fraud,1
35,20000.0,1,0.46,6,Phishing,0
59,500000.0,3,0.64,11,Job Scam,1
4,10000.0,2,0.15,7,Card Fraud,1
36,2000000.0,2,0.51,7,Investment Scam,1
14,15000.0,3,1.12,12,UPI Fraud,1
50,120000.0,2,0.33,5,UPI Fraud,1
50,120000.0,4,0.32,10,Job Scam,1
7,48000.0,1,1.95,6,UPI Fraud,1
24,25000.0,2,1.15,8,UPI Fraud,0
38,1200000.0,4,1.35,10,Investment Scam,1
14,100000.0,1,4.13,10,Card Fraud,1
5,48000.0,2,0.52,9,UPI Fraud,1
49,300000.0,4,3.88,10,Investment Scam,0
57,50000.0,2,1.03,6,Job Scam,0
5,8000.0,3,1.76,7,UPI Fraud,1
51,150000.0,2,0.25,8,Phishing,1
74,120000.0,3,0.62,8,UPI Fraud,0
24,8000.0,2,0.83,13,UPI Fraud,0
57,1200000.0,2,0.61,9,Investment Scam,0
15,85000.0,2,1.0,8,UPI Fraud,1
32,8000.0,2,0.41,13,UPI Fraud,1
105,1200000.0,3,0.34,11,Investment Scam,1
21,20000.0,1,0.77,8,Phishing,0
8,75000.0,2,0.25,8,Phishing,1
4,50000.0,1,2.09,12,Card Fraud,1
124,75000.0,1,0.18,12,Phishing,1
5,15000.0,3,1.97,2,UPI Fraud,1
15,48000.0,2,3.92,4,UPI Fraud,0
24,120000.0,4,0.52,8,Job Scam,1
33,25000.0,3,1.14,9,UPI Fraud,0
67,50000.0,1,0.3,9,Card Fraud,0
67,300000.0,3,0.37,11,Investment Scam,1
33,2000000.0,2,0.63,10,Investment Scam,1
17,48000.0,2,0.98,12,UPI Fraud,1
58,15000.0,1,1.58,11,UPI Fraud,0
20,40000.0,2,2.1,10,Card Fraud,0
30,20000.0,2,0.43,12,Phishing,1
64,2000000.0,2,0.26,12,Investment Scam,1
26,600000.0,4,0.24,9,Investment Scam,1
11,120000.0,2,2.96,6,UPI Fraud,1
14,120000.0,2,2.55,8,UPI Fraud,1
40,600000.0,4,1.59,10,Investment Scam,0
5,8000.0,2,0.58,10,UPI Fraud,1
10,8000.0,2,0.82,9,UPI Fraud,1
24,150000.0,2,1.57,6,Investment Scam,0
38,50000.0,3,0.48,10,Job Scam,1
13,48000.0,2,3.01,11,UPI Fraud,1
131,150000.0,3,2.1,8,Investment Scam,0
40,100000.0,1,0.21,14,Card Fraud,1
126,150000.0,4,1.54,7,Investment Scam,0
13,15000.0,2,1.51,8,UPI Fraud,1
15,120000.0,2,0.81,6,Job Scam,1
83,1200000.0,3,2.44,10,Investment Scam,0
12,250000.0,3,1.62,8,Job Scam,1
38,75000.0,1,2.03,10,Phishing,0
46,850000.0,3,0.2,3,Job Scam,1
56,300000.0,5,0.3,13,Investment Scam,1
28,40000.0,2,0.68,11,Card Fraud,0
33,2000000.0,5,2.7,8,Investment Scam,1
120,250000.0,3,0.89,6,Job Scam,0
146,120000.0,4,0.94,14,Job Scam,0
101,150000.0,3,0.22,4,Phishing,1
4,120000.0,1,1.74,13,UPI Fraud,1
16,250000.0,3,2.31,10,Job Scam,1
12,40000.0,1,0.29,10,Card Fraud,1
15,48000.0,3,0.77,6,UPI Fraud,1
4,25000.0,2,1.4,8,UPI Fraud,1
123,1200000.0,2,1.94,7,Investment Scam,0
19,15000.0,2,1.23,14,UPI Fraud,0
64,25000.0,1,1.54,5,UPI Fraud,0
85,150000.0,3,0.32,11,Investment Scam,1
52,20000.0,1,1.9,11,Phishing,0
48,150000.0,3,0.21,9,Phishing,1
16,45000.0,1,0.17,6,Phishing,1
62,50000.0,1,1.87,7,Card Fraud,0
8,85000.0,2,1.76,13,UPI Fraud,1
67,850000.0,2,0.94,11,Job Scam,0
7,15000.0,3,0.6,11,UPI Fraud,1
43,45000.0,1,1.35,8,Phishing,0
56,300000.0,2,0.89,12,Investment Scam,0
58,10000.0,1,0.89,4,Card Fraud,0
99,2000000.0,5,4.02,12,Investment Scam,0
4,85000.0,2,1.11,8,UPI Fraud,1
12,500000.0,2,0.76,12,Job Scam,1
21,150000.0,2,2.94,9,Phishing,0
25,40000.0,1,0.62,12,Card Fraud,0
9,45000.0,1,0.24,14,Phishing,1
35,8000.0,2,0.23,4,UPI Fraud,1
41,50000.0,2,0.45,15,Card Fraud,1
10,75000.0,2,0.18,11,Phishing,1
82,15000.0,2,1.65,16,UPI Fraud,0
7,48000.0,2,0.18,10,UPI Fraud,1
25,100000.0,2,1.65,14,Card Fraud,0
7,8000.0,2,0.56,8,UPI Fraud,1
23,100000.0,1,0.43,12,Card Fraud,1
70,20000.0,2,0.29,9,Card Fraud,0
27,120000.0,1,1.24,7,UPI Fraud,0
44,45000.0,1,1.5,12,Phishing,0
44,20000.0,1,1.33,14,Phishing,0
138,1200000.0,3,1.69,6,Investment Scam,0
50,48000.0,1,0.49,7,UPI Fraud,0
70,15000.0,3,0.73,10,UPI Fraud,0
44,1200000.0,3,2.86,12,Investment Scam,0
3,50000.0,1,0.78,5,Card Fraud,1
49,100000.0,1,0.24,9,Card Fraud,1
10,20000.0,2,2.02,12,Card Fraud,1
87,150000.0,3,0.89,6,Investment Scam,0
13,100000.0,2,1.73,4,Card Fraud,1
24,120000.0,3,1.2,5,Job Scam,1
34,25000.0,2,0.79,11,UPI Fraud,0
13,15000.0,2,0.3,19,UPI Fraud,1
20,85000.0,1,2.47,7,UPI Fraud,0
49,150000.0,4,2.41,9,Investment Scam,0
76,1200000.0,3,1.69,6,Investment Scam,0
108,150000.0,3,0.82,7,Investment Scam,0
27,48000.0,2,0.36,12,UPI Fraud,1
67,45000.0,3,1.0,9,Phishing,0
57,50000.0,3,2.25,12,Job Scam,0
17,120000.0,1,2.69,12,UPI Fraud,0
10,150000.0,2,2.95,7,Phishing,1
112,850000.0,3,1.15,7,Job Scam,0
77,600000.0,5,0.79,10,Investment Scam,1
25,25000.0,2,0.85,12,UPI Fraud,0
117,45000.0,1,0.35,8,Phishing,0
76,600000.0,3,0.88,13,Investment Scam,0
58,48000.0,3,2.72,9,UPI Fraud,0
55,50000.0,3,2.41,7,Job Scam,0
5,48000.0,1,0.92,7,UPI Fraud,1
7,25000.0,2,0.58,5,UPI Fraud,1
40,15000.0,2,2.55,6,UPI Fraud,0
29,45000.0,1,0.15,10,Phishing,1
61,120000.0,3,1.08,14,Job Scam,0
28,2000000.0,4,2.19,13,Investment Scam,1
45,100000.0,1,1.13,10,Card Fraud,0
20,48000.0,1,0.52,5,UPI Fraud,0
10,10000.0,1,0.47,14,Card Fraud,1
58,600000.0,2,0.42,7,Investment Scam,0
25,45000.0,3,2.06,11,Phishing,0
39,20000.0,1,1.51,6,Phishing,0
36,600000.0,3,0.63,7,Investment Scam,1
29,45000.0,1,0.55,8,Phishing,0
8,20000.0,2,1.08,9,Card Fraud,1
21,120000.0,4,1.4,8,Job Scam,1
136,300000.0,4,3.03,8,Investment Scam,0
65,2000000.0,3,0.58,12,Investment Scam,1
34,50000.0,4,0.25,5,Job Scam,1
15,75000.0,2,1.76,5,Phishing,1
65,120000.0,2,2.04,4,UPI Fraud,0
20,120000.0,1,1.29,10,UPI Fraud,0
17,120000.0,3,1.15,7,UPI Fraud,1
10,75000.0,2,0.19,9,Phishing,1
91,150000.0,2,1.4,11,Phishing,0
9,120000.0,1,0.35,8,UPI Fraud,1
23,500000.0,4,1.36,15,Job Scam,1
59,150000.0,3,1.17,3,Investment Scam,0
163,500000.0,2,0.43,12,Job Scam,0
5,85000.0,1,0.59,8,UPI Fraud,1
4,120000.0,1,0.64,7,UPI Fraud,1
61,25000.0,1,1.17,3,UPI Fraud,0
41,300000.0,3,0.76,9,Investment Scam,1
118,2000000.0,3,0.51,3,Investment Scam,0
18,75000.0,1,1.83,7,Phishing,0
105,1200000.0,3,1.74,8,Investment Scam,0
31,500000.0,4,0.57,10,Job Scam,1
17,45000.0,1,0.86,11,Phishing,0
28,150000.0,1,3.42,7,Phishing,0
27,500000.0,3,2.03,6,Job Scam,0
52,120000.0,2,1.53,10,UPI Fraud,0
24,48000.0,2,0.29,6,UPI Fraud,1
130,1200000.0,4,1.49,9,Investment Scam,0
35,20000.0,2,0.78,11,Card Fraud,0
9,48000.0,2,0.31,8,UPI Fraud,1
15,100000.0,1,0.77,3,Card Fraud,1
46,600000.0,2,0.27,13,Investment Scam,1
245,600000.0,3,2.63,11,Investment Scam,0
43,20000.0,1,2.11,10,Phishing,0
30,75000.0,2,1.21,5,Phishing,0
26,25000.0,3,1.04,9,UPI Fraud,0
267,500000.0,3,1.13,4,Job Scam,0
92,150000.0,5,1.34,11,Investment Scam,0
5,48000.0,3,0.87,9,UPI Fraud,1
189,150000.0,5,0.35,9,Investment Scam,1
21,120000.0,2,0.27,7,UPI Fraud,1
69,600000.0,3,1.24,10,Investment Scam,0
17,120000.0,4,0.62,8,Job Scam,1
77,150000.0,4,0.17,5,Investment Scam,1
8,15000.0,2,0.44,14,UPI Fraud,1
15,75000.0,2,0.18,9,Phishing,1
36,600000.0,2,0.76,7,Investment Scam,0
33,150000.0,1,0.51,16,Phishing,1
29,85000.0,3,0.33,3,UPI Fraud,1
38,75000.0,2,0.79,8,Phishing,0
6,50000.0,1,2.07,12,Card Fraud,1
15,120000.0,1,2.08,10,UPI Fraud,1
12,50000.0,2,0.32,11,Card Fraud,1
10,40000.0,1,0.49,7,Card Fraud,1
30,25000.0,2,1.16,10,UPI Fraud,0
9,100000.0,1,0.28,4,Card Fraud,1
6,25000.0,3,0.41,11,UPI Fraud,1
10,15000.0,2,1.23,8,UPI Fraud,1
24,48000.0,2,1.48,12,UPI Fraud,0
23,150000.0,2,0.15,6,Investment Scam,1
23,50000.0,1,4.65,13,Card Fraud,0
16,120000.0,2,1.36,9,UPI Fraud,1
38,45000.0,1,0.23,10,Phishing,1
95,20000.0,1,0.22,6,Phishing,0
4,40000.0,2,3.65,9,Card Fraud,1
58,1200000.0,2,2.21,15,Investment Scam,0
24,120000.0,3,0.21,10,UPI Fraud,1
69,50000.0,1,0.38,5,Card Fraud,0
18,85000.0,2,1.24,11,UPI Fraud,1
171,20000.0,1,0.15,13,Phishing,0
42,2000000.0,3,0.71,6,Investment Scam,0
4,85000.0,1,0.87,8,UPI Fraud,1
43,300000.0,3,5.96,5,Investment Scam,0
41,48000.0,3,0.15,5,UPI Fraud,1
15,120000.0,2,4.7,14,UPI Fraud,1
22,2000000.0,3,0.25,10,Investment Scam,1
21,500000.0,2,0.72,10,Job Scam,1
4,20000.0,1,0.4,13,Card Fraud,1
29,40000.0,1,0.34,10,Card Fraud,0
58,45000.0,1,0.82,14,Phishing,0
4,20000.0,1,0.22,6,Card Fraud,1
12,50000.0,2,2.16,8,Job Scam,1
98,1200000.0,5,0.63,10,Investment Scam,1
170,150000.0,4,0.51,15,Investment Scam,1
34,8000.0,1,0.77,11,UPI Fraud,0
79,85000.0,2,1.29,10,UPI Fraud,0
12,8000.0,3,1.11,11,UPI Fraud,1
41,120000.0,2,0.41,11,UPI Fraud,1
11,15000.0,1,0.62,11,UPI Fraud,1
20,48000.0,1,0.38,9,UPI Fraud,1
10,15000.0,2,0.64,8,UPI Fraud,1
20,75000.0,3,0.74,7,Phishing,1
9,75000.0,1,4.46,7,Phishing,1
8,120000.0,3,0.72,11,UPI Fraud,1
67,20000.0,2,0.63,10,Phishing,0
26,75000.0,1,0.52,5,Phishing,1
5,25000.0,2,2.44,6,UPI Fraud,1
29,15000.0,3,0.66,7,UPI Fraud,0
45,48000.0,2,0.58,6,UPI Fraud,0
5,40000.0,2,0.43,8,Card Fraud,1
19,85000.0,3,0.74,15,UPI Fraud,1
14,25000.0,1,3.86,11,UPI Fraud,0
28,75000.0,2,1.78,5,Phishing,0
5,25000.0,2,1.5,4,UPI Fraud,1
16,20000.0,2,1.45,12,Phishing,1
65,120000.0,4,0.94,7,Job Scam,0
44,50000.0,3,2.49,7,Job Scam,0
65,85000.0,1,0.88,7,UPI Fraud,0
57,850000.0,2,0.21,6,Job Scam,1
24,120000.0,2,1.07,14,UPI Fraud,1
15,8000.0,2,2.21,6,UPI Fraud,0
58,600000.0,3,0.66,12,Investment Scam,1
207,150000.0,4,0.27,4,Investment Scam,1
6,85000.0,2,5.71,11,UPI Fraud,1
36,150000.0,4,0.47,6,Investment Scam,1
69,45000.0,3,1.2,10,Phishing,0
164,50000.0,4,0.36,5,Job Scam,1
34,48000.0,3,1.64,8,UPI Fraud,0
48,300000.0,2,1.24,7,Investment Scam,0
15,500000.0,3,0.45,7,Job Scam,1
5,50000.0,2,0.8,8,Card Fraud,1
14,20000.0,1,1.6,7,Phishing,0
26,50000.0,2,0.21,7,Card Fraud,1
20,120000.0,3,1.16,6,UPI Fraud,1
10,20000.0,1,1.12,9,Card Fraud,1
29,10000.0,1,1.05,6,Card Fraud,0
55,20000.0,1,1.21,11,Phishing,0
44,40000.0,1,3.59,11,Card Fraud,0
30,25000.0,1,0.78,6,UPI Fraud,0
36,25000.0,2,0.2,10,UPI Fraud,1
83,8000.0,3,1.45,8,UPI Fraud,0
31,85000.0,2,0.89,9,UPI Fraud,0
57,85000.0,2,0.21,8,UPI Fraud,1
5,8000.0,3,0.17,7,UPI Fraud,1
78,1200000.0,4,1.54,10,Investment Scam,0
19,20000.0,2,1.61,8,Phishing,0
13,45000.0,2,0.44,6,Phishing,1
34,25000.0,1,0.35,11,UPI Fraud,0
25,120000.0,2,3.68,8,Job Scam,0
44,150000.0,3,1.01,8,Investment Scam,0
14,15000.0,2,1.53,10,UPI Fraud,1
202,120000.0,2,2.07,12,Job Scam,0
37,1200000.0,4,0.53,3,Investment Scam,1
88,1200000.0,4,0.34,6,Investment Scam,1
26,120000.0,2,2.11,8,Job Scam,0
33,25000.0,1,0.53,10,UPI Fraud,0
5,48000.0,2,0.49,8,UPI Fraud,1
18,75000.0,2,2.18,10,Phishing,1
36,300000.0,3,0.38,11,Investment Scam,1
7,100000.0,1,1.67,10,Card Fraud,1
86,150000.0,3,0.42,14,Investment Scam,1
30,120000.0,3,1.35,8,Job Scam,0
50,40000.0,2,0.31,10,Card Fraud,0
67,50000.0,1,2.83,8,Card Fraud,0
15,15000.0,3,0.7,10,UPI Fraud,1
26,15000.0,2,1.91,15,UPI Fraud,0
14,50000.0,3,4.17,7,Job Scam,1
24,15000.0,1,1.09,9,UPI Fraud,0
76,150000.0,2,1.39,7,Investment Scam,0
140,300000.0,4,2.17,2,Investment Scam,0
124,500000.0,2,1.68,9,Job Scam,0
74,1200000.0,3,0.87,7,Investment Scam,0
20,120000.0,3,0.97,12,UPI Fraud,1
69,25000.0,2,0.37,8,UPI Fraud,0
8,120000.0,2,1.86,7,UPI Fraud,1
23,300000.0,4,1.53,7,Investment Scam,1
6,120000.0,2,0.62,5,UPI Fraud,1
65,2000000.0,2,0.73,11,Investment Scam,0
44,45000.0,2,2.09,11,Phishing,0
5,48000.0,2,0.42,9,UPI Fraud,1
22,85000.0,1,0.22,8,UPI Fraud,1
15,75000.0,1,0.74,3,Phishing,1
6,120000.0,2,3.48,7,UPI Fraud,1
59,250000.0,3,3.29,11,Job Scam,0
37,48000.0,3,0.72,5,UPI Fraud,0
3,50000.0,1,0.72,14,Card Fraud,1
6,40000.0,1,0.76,12,Card Fraud,1
26,120000.0,2,1.46,13,UPI Fraud,0
20,15000.0,2,0.33,11,UPI Fraud,1
48,2000000.0,3,0.7,11,Investment Scam,1
29,20000.0,1,0.82,10,Phishing,0
15,120000.0,2,0.55,10,UPI Fraud,1
3,20000.0,1,0.86,12,Card Fraud,1
55,250000.0,3,1.67,9,Job Scam,0
25,120000.0,3,1.41,15,Job Scam,1
9,50000.0,1,0.67,10,Card Fraud,1
16,120000.0,2,0.74,9,UPI Fraud,1
105,250000.0,3,0.42,7,Job Scam,0
19,120000.0,2,0.77,7,UPI Fraud,1
4,40000.0,2,1.7,14,Card Fraud,1
18,25000.0,2,1.66,7,UPI Fraud,0
37,120000.0,2,5.07,8,UPI Fraud,0
21,600000.0,3,0.47,8,Investment Scam,1
13,250000.0,2,0.68,8,Job Scam,1
78,150000.0,3,0.64,11,Investment Scam,0
21,120000.0,2,3.88,8,UPI Fraud,0
17,50000.0,1,0.37,14,Card Fraud,1
13,120000.0,2,0.73,12,UPI Fraud,1
20,48000.0,2,2.59,5,UPI Fraud,0
19,25000.0,2,1.04,13,UPI Fraud,0
19,100000.0,1,0.87,13,Card Fraud,1
15,15000.0,1,0.23,11,UPI Fraud,1
69,75000.0,1,0.32,10,Phishing,0
13,25000.0,1,2.08,10,UPI Fraud,0
9,120000.0,2,2.19,11,UPI Fraud,1
11,8000.0,3,2.79,5,UPI Fraud,1
58,1200000.0,3,3.4,4,Investment Scam,0
65,8000.0,2,2.02,13,UPI Fraud,0
58,8000.0,2,0.54,9,UPI Fraud,0
80,1200000.0,3,0.56,13,Investment Scam,1
41,150000.0,2,1.55,6,Investment Scam,0
21,20000.0,2,2.08,6,Phishing,0
58,2000000.0,2,1.07,12,Investment Scam,0
49,1200000.0,5,2.96,7,Investment Scam,0
56,25000.0,3,0.6,12,UPI Fraud,0
49,15000.0,1,0.42,8,UPI Fraud,0
18,120000.0,1,1.91,9,UPI Fraud,0
14,40000.0,1,2.31,12,Card Fraud,0
39,8000.0,2,0.8,10,UPI Fraud,0
22,48000.0,2,1.43,8,UPI Fraud,0
22,15000.0,2,0.6,9,UPI Fraud,0
58,1200000.0,2,2.2,13,Investment Scam,0
6,10000.0,1,0.84,11,Card Fraud,1
4,48000.0,3,0.66,12,UPI Fraud,1
43,48000.0,2,0.49,4,UPI Fraud,0
55,25000.0,2,1.8,11,UPI Fraud,0
34,150000.0,3,3.14,8,Phishing,0
54,45000.0,1,0.95,14,Phishing,0
9,45000.0,1,3.25,4,Phishing,1
23,150000.0,3,1.76,8,Investment Scam,1
6,48000.0,2,0.87,10,UPI Fraud,1
18,8000.0,1,2.71,12,UPI Fraud,0
41,20000.0,1,1.89,8,Card Fraud,0
21,50000.0,2,3.65,10,Job Scam,0
111,250000.0,3,0.89,10,Job Scam,0
18,48000.0,2,2.13,9,UPI Fraud,0
14,40000.0,1,0.72,12,Card Fraud,1
20,120000.0,3,0.57,11,UPI Fraud,1
4,8000.0,3,0.84,10,UPI Fraud,1
32,50000.0,3,2.59,8,Job Scam,0
30,1200000.0,4,3.1,5,Investment Scam,0
55,600000.0,3,2.19,6,Investment Scam,0
18,120000.0,2,0.19,7,Job Scam,1
45,50000.0,3,1.09,7,Job Scam,0
19,500000.0,3,4.22,9,Job Scam,1
16,8000.0,2,0.69,7,UPI Fraud,1
24,40000.0,1,0.44,9,Card Fraud,0
27,25000.0,3,0.76,9,UPI Fraud,0
17,20000.0,1,1.51,9,Card Fraud,0
63,600000.0,4,1.35,5,Investment Scam,0
10,20000.0,2,1.96,8,Phishing,1
23,120000.0,2,0.23,8,UPI Fraud,1
28,15000.0,2,0.24,8,UPI Fraud,1
25,85000.0,1,1.42,8,UPI Fraud,0
33,10000.0,2,0.43,5,Card Fraud,0
20,75000.0,2,1.87,8,Phishing,0
157,250000.0,4,2.39,11,Job Scam,0
44,150000.0,2,0.17,12,Phishing,1
13,120000.0,2,0.44,14,UPI Fraud,1
18,15000.0,2,2.21,8,UPI Fraud,0
34,150000.0,2,0.82,6,Phishing,0
42,85000.0,2,0.41,6,UPI Fraud,1
93,600000.0,3,0.98,9,Investment Scam,0
11,85000.0,3,3.18,5,UPI Fraud,1
20,1200000.0,3,1.65,5,Investment Scam,1
23,20000.0,2,1.27,11,Card Fraud,0
42,300000.0,4,2.41,10,Investment Scam,0
158,850000.0,4,1.15,13,Job Scam,0
25,25000.0,1,0.87,8,UPI Fraud,0
7,120000.0,2,2.15,9,UPI Fraud,1
8,20000.0,2,2.61,10,Phishing,1
45,250000.0,3,1.76,10,Job Scam,0
36,50000.0,1,1.64,6,Card Fraud,0
3,10000.0,1,0.7,10,Card Fraud,1
160,600000.0,4,0.9,12,Investment Scam,0
294,300000.0,3,0.38,9,Investment Scam,0
112,500000.0,2,0.25,19,Job Scam,1
26,120000.0,2,2.45,11,UPI Fraud,0
39,85000.0,3,0.6,5,UPI Fraud,1
5,48000.0,2,0.89,12,UPI Fraud,1
11,50000.0,1,0.43,10,Card Fraud,1
77,600000.0,4,0.19,11,Investment Scam,1
4,48000.0,2,0.71,10,UPI Fraud,1
7,10000.0,1,0.22,9,Card Fraud,1
32,50000.0,2,0.94,10,Card Fraud,0
40,48000.0,2,2.7,3,UPI Fraud,0
29,85000.0,1,0.79,11,UPI Fraud,0
20,45000.0,2,0.29,11,Phishing,1
20,75000.0,1,1.26,6,Phishing,0
42,1200000.0,5,2.89,6,Investment Scam,0
4,15000.0,2,0.35,14,UPI Fraud,1
11,15000.0,2,4.05,9,UPI Fraud,1
41,15000.0,2,0.2,14,UPI Fraud,1
34,100000.0,2,2.22,10,Card Fraud,0
54,20000.0,2,0.87,5,Card Fraud,0
74,48000.0,2,1.93,9,UPI Fraud,0
9,8000.0,1,0.48,8,UPI Fraud,1
32,500000.0,2,0.28,13,Job Scam,1
18,40000.0,2,1.88,10,Card Fraud,0
10,20000.0,2,0.48,7,Card Fraud,1
63,85000.0,1,1.03,12,UPI Fraud,0
45,45000.0,1,3.2,10,Phishing,0
217,300000.0,3,1.69,6,Investment Scam,0
14,75000.0,1,1.37,5,Phishing,1
5,85000.0,2,5.8,5,UPI Fraud,1
11,45000.0,1,0.61,9,Phishing,1
5,15000.0,3,2.15,13,UPI Fraud,1
23,25000.0,1,1.22,10,UPI Fraud,0
87,300000.0,3,0.64,11,Investment Scam,0
54,850000.0,2,0.39,5,Job Scam,0
43,45000.0,2,0.97,5,Phishing,0
13,150000.0,3,2.63,5,Phishing,1
65,20000.0,2,0.27,9,Card Fraud,0
23,120000.0,1,0.64,7,UPI Fraud,1
102,1200000.0,2,0.28,10,Investment Scam,1
5,20000.0,2,0.89,12,Card Fraud,1
61,75000.0,2,0.96,10,Phishing,0
83,150000.0,4,1.31,7,Investment Scam,0
22,25000.0,2,0.37,9,UPI Fraud,1
68,50000.0,2,1.18,11,Job Scam,0
20,48000.0,3,0.67,7,UPI Fraud,1
9,120000.0,1,0.59,6,UPI Fraud,1
215,2000000.0,3,0.18,10,Investment Scam,1
87,150000.0,4,0.85,13,Investment Scam,0
4,8000.0,1,0.22,9,UPI Fraud,1
9,40000.0,2,0.27,10,Card Fraud,1
12,48000.0,2,1.28,12,UPI Fraud,1
14,40000.0,1,2.4,6,Card Fraud,0
88,150000.0,5,0.17,15,Investment Scam,1
6,85000.0,1,1.4,12,UPI Fraud,1
115,250000.0,2,3.81,8,Job Scam,0
7,25000.0,3,0.45,10,UPI Fraud,1
16,10000.0,1,0.77,6,Card Fraud,0
18,15000.0,3,0.8,7,UPI Fraud,1
125,25000.0,2,5.28,16,UPI Fraud,0
15,48000.0,2,1.07,7,UPI Fraud,1
21,20000.0,2,2.88,8,Phishing,0
27,15000.0,3,3.68,5,UPI Fraud,0
65,2000000.0,5,8.32,10,Investment Scam,0
11,120000.0,2,4.1,11,UPI Fraud,1
118,1200000.0,4,2.3,8,Investment Scam,0
191,1200000.0,4,0.77,8,Investment Scam,0
5,85000.0,2,1.25,6,UPI Fraud,1
6,15000.0,2,0.41,10,UPI Fraud,1
23,85000.0,2,0.31,8,UPI Fraud,1
36,48000.0,2,2.16,5,UPI Fraud,0
6,15000.0,3,0.22,7,UPI Fraud,1
37,1200000.0,2,1.11,8,Investment Scam,0
18,150000.0,2,0.68,7,Phishing,1
19,45000.0,2,1.2,5,Phishing,0
39,85000.0,1,1.17,8,UPI Fraud,0
40,50000.0,3,0.94,9,Job Scam,0
24,75000.0,2,1.56,9,Phishing,0
182,150000.0,2,0.61,10,Investment Scam,0
12,120000.0,3,1.05,5,UPI Fraud,1
89,1200000.0,3,5.31,11,Investment Scam,0
60,45000.0,2,0.16,8,Phishing,1
23,150000.0,3,0.89,11,Investment Scam,1
20,150000.0,1,1.14,11,Phishing,1
23,10000.0,1,0.52,14,Card Fraud,0
21,100000.0,1,1.33,6,Card Fraud,0
29,15000.0,2,1.06,9,UPI Fraud,0
35,75000.0,2,0.53,11,Phishing,1
56,2000000.0,3,1.18,13,Investment Scam,0
44,8000.0,2,3.56,14,UPI Fraud,0
27,15000.0,2,1.88,8,UPI Fraud,0
23,850000.0,3,0.19,10,Job Scam,1
8,15000.0,3,2.08,8,UPI Fraud,1
21,50000.0,1,0.76,17,Card Fraud,1
46,120000.0,4,1.01,10,Job Scam,1
63,85000.0,2,0.48,8,UPI Fraud,0
10,120000.0,3,0.19,6,UPI Fraud,1
12,20000.0,1,1.6,2,Card Fraud,0
87,500000.0,2,3.41,13,Job Scam,0
55,150000.0,1,1.12,6,Phishing,0
80,300000.0,3,1.06,13,Investment Scam,0
19,85000.0,2,0.17,9,UPI Fraud,1
145,2000000.0,4,0.63,9,Investment Scam,0
11,15000.0,2,0.59,7,UPI Fraud,1
15,120000.0,3,2.18,13,UPI Fraud,1
4,10000.0,1,0.97,9,Card Fraud,1
47,1200000.0,4,0.97,11,Investment Scam,1
30,50000.0,3,1.66,10,Job Scam,0
74,50000.0,3,0.76,10,Job Scam,0
21,85000.0,1,0.55,9,UPI Fraud,1
30,120000.0,3,0.22,5,UPI Fraud,1
120,2000000.0,3,1.11,6,Investment Scam,0
15,40000.0,1,0.57,8,Card Fraud,1
50,45000.0,1,2.87,5,Phishing,0
22,20000.0,3,1.95,11,Phishing,0
31,120000.0,2,1.65,5,UPI Fraud,0
38,120000.0,1,0.4,9,UPI Fraud,1
205,600000.0,4,0.55,9,Investment Scam,0
29,25000.0,2,1.29,5,UPI Fraud,0
19,85000.0,1,2.29,9,UPI Fraud,0
20,120000.0,2,1.21,6,Job Scam,1
17,45000.0,1,0.62,9,Phishing,1
32,250000.0,2,0.18,6,Job Scam,1
30,1200000.0,2,0.34,9,Investment Scam,1
24,100000.0,2,2.34,8,Card Fraud,0
30,150000.0,2,0.72,7,Investment Scam,0
67,120000.0,1,1.01,9,UPI Fraud,0
8,48000.0,1,1.93,9,UPI Fraud,1
16,50000.0,4,1.62,11,Job Scam,1
153,850000.0,3,0.57,11,Job Scam,0
35,100000.0,1,0.42,8,Card Fraud,1
69,300000.0,4,0.68,7,Investment Scam,1
39,45000.0,1,1.19,6,Phishing,0
68,300000.0,3,0.79,3,Investment Scam,0
19,45000.0,2,1.11,10,Phishing,0
10,100000.0,1,0.44,6,Card Fraud,1
55,20000.0,2,1.65,7,Phishing,0
58,2000000.0,4,1.26,4,Investment Scam,0
46,8000.0,3,1.44,12,UPI Fraud,0
92,75000.0,1,4.39,12,Phishing,0
98,100000.0,1,0.29,4,Card Fraud,0
39,150000.0,2,0.17,7,Phishing,1
50,10000.0,1,0.32,15,Card Fraud,0
26,15000.0,3,0.92,9,UPI Fraud,0
14,850000.0,4,0.49,14,Job Scam,1
67,45000.0,3,0.94,10,Phishing,0
36,15000.0,2,0.52,6,UPI Fraud,0
18,100000.0,1,1.65,11,Card Fraud,1
47,85000.0,1,0.71,5,UPI Fraud,0
4,8000.0,1,1.83,8,UPI Fraud,1
21,40000.0,1,0.86,6,Card Fraud,0
6,120000.0,2,0.25,6,UPI Fraud,1
5,20000.0,1,0.85,10,Card Fraud,1
27,45000.0,1,0.69,13,Phishing,0
23,48000.0,2,3.82,11,UPI Fraud,0
54,2000000.0,3,0.71,10,Investment Scam,0
30,250000.0,3,0.8,8,Job Scam,1
39,1200000.0,4,1.49,9,Investment Scam,0
18,250000.0,2,1.32,8,Job Scam,1
5,20000.0,1,1.94,6,Card Fraud,1
42,20000.0,2,2.91,8,Phishing,0
56,8000.0,2,1.67,5,UPI Fraud,0
19,150000.0,1,2.4,12,Phishing,0
9,10000.0,1,1.12,8,Card Fraud,1
63,250000.0,2,2.22,9,Job Scam,0
27,15000.0,2,3.11,12,UPI Fraud,0
14,25000.0,3,2.3,11,UPI Fraud,1
7,40000.0,1,1.88,12,Card Fraud,1
18,150000.0,2,0.26,16,Phishing,1
76,45000.0,3,1.99,8,Phishing,0
25,40000.0,1,0.79,9,Card Fraud,0
11,48000.0,2,1.7,12,UPI Fraud,1
9,8000.0,2,1.52,9,UPI Fraud,1
16,250000.0,2,1.2,13,Job Scam,1
72,75000.0,2,0.94,12,Phishing,0
28,500000.0,2,3.08,9,Job Scam,0
30,50000.0,1,0.79,9,Card Fraud,0
10,20000.0,1,0.33,12,Card Fraud,1
48,1200000.0,4,1.25,8,Investment Scam,0
48,500000.0,4,0.97,13,Job Scam,1
47,120000.0,3,3.72,13,Job Scam,0
48,48000.0,3,0.24,8,UPI Fraud,1
33,2000000.0,3,2.34,7,Investment Scam,0
19,25000.0,1,2.23,8,UPI Fraud,0
24,25000.0,3,2.95,7,UPI Fraud,0
121,250000.0,3,0.81,10,Job Scam,0
10,40000.0,2,0.5,7,Card Fraud,1
39,85000.0,2,0.58,8,UPI Fraud,0
96,2000000.0,4,0.53,13,Investment Scam,1
29,40000.0,1,1.65,8,Card Fraud,0
52,500000.0,2,1.29,14,Job Scam,0
42,300000.0,2,3.96,8,Investment Scam,0
41,1200000.0,5,2.92,11,Investment Scam,1
29,1200000.0,4,0.78,8,Investment Scam,1
80,75000.0,3,0.8,10,Phishing,0
133,250000.0,3,0.56,14,Job Scam,0
103,600000.0,3,2.85,15,Investment Scam,0
17,20000.0,2,1.72,8,Card Fraud,0
24,600000.0,4,0.84,8,Investment Scam,1
9,85000.0,2,0.48,11,UPI Fraud,1
92,120000.0,2,1.33,9,UPI Fraud,0
4,15000.0,2,0.47,12,UPI Fraud,1
36,25000.0,1,0.96,6,UPI Fraud,0
31,2000000.0,2,0.82,9,Investment Scam,0
24,100000.0,1,0.51,7,Card Fraud,1
26,850000.0,3,2.05,8,Job Scam,0
45,150000.0,3,2.2,6,Investment Scam,0
43,25000.0,3,5.3,10,UPI Fraud,0
66,500000.0,3,0.32,7,Job Scam,1
22,250000.0,4,1.11,6,Job Scam,1
64,2000000.0,2,2.47,11,Investment Scam,0
75,300000.0,3,0.3,15,Investment Scam,1
15,120000.0,2,0.74,8,Job Scam,1
46,1200000.0,2,0.23,10,Investment Scam,1
35,600000.0,3,2.12,5,Investment Scam,0
26,45000.0,2,0.62,9,Phishing,0
54,300000.0,5,0.41,4,Investment Scam,1
13,25000.0,3,0.67,9,UPI Fraud,1
35,20000.0,1,1.04,8,Card Fraud,0
24,500000.0,3,0.86,10,Job Scam,1
48,85000.0,3,0.24,14,UPI Fraud,1
87,300000.0,3,1.01,14,Investment Scam,0
17,120000.0,2,0.96,3,UPI Fraud,1
10,120000.0,2,3.24,10,UPI Fraud,1
7,8000.0,3,0.32,7,UPI Fraud,1
22,300000.0,3,0.25,8,Investment Scam,1
27,100000.0,2,6.82,11,Card Fraud,0
17,25000.0,3,1.22,3,UPI Fraud,0
13,120000.0,2,0.78,10,UPI Fraud,1
146,500000.0,4,0.7,14,Job Scam,1
21,75000.0,2,3.57,8,Phishing,0
21,45000.0,1,1.32,7,Phishing,0
10,10000.0,1,0.95,13,Card Fraud,1
41,150000.0,1,1.07,11,Phishing,0
20,100000.0,1,1.84,8,Card Fraud,0
43,25000.0,1,0.21,9,UPI Fraud,1
26,15000.0,2,1.44,7,UPI Fraud,0
18,40000.0,1,0.46,8,Card Fraud,1
50,50000.0,3,2.86,11,Job Scam,0
22,25000.0,2,0.55,8,UPI Fraud,1
30,500000.0,3,1.21,4,Job Scam,0
5,10000.0,1,0.66,8,Card Fraud,1
100,2000000.0,3,3.78,11,Investment Scam,0
5,40000.0,1,1.55,13,Card Fraud,1
36,100000.0,2,0.75,4,Card Fraud,0
60,120000.0,1,0.69,5,UPI Fraud,0
7,15000.0,2,0.23,9,UPI Fraud,1
32,8000.0,2,0.2,8,UPI Fraud,1
89,1200000.0,3,2.73,11,Investment Scam,0
87,2000000.0,3,3.27,11,Investment Scam,0
6,50000.0,2,0.32,11,Card Fraud,1
52,600000.0,3,2.25,9,Investment Scam,0
19,150000.0,1,1.49,5,Phishing,0
147,48000.0,2,0.39,11,UPI Fraud,0
59,2000000.0,4,4.29,10,Investment Scam,0
46,300000.0,4,0.36,9,Investment Scam,1
135,1200000.0,4,1.0,9,Investment Scam,0
45,600000.0,4,2.99,13,Investment Scam,0
120,150000.0,3,2.52,9,Investment Scam,0
4,100000.0,2,1.03,8,Card Fraud,1
3,100000.0,1,1.46,11,Card Fraud,1
27,8000.0,3,2.12,7,UPI Fraud,0
81,25000.0,1,3.32,10,UPI Fraud,0
13,20000.0,1,0.25,7,Card Fraud,1
62,600000.0,4,0.18,10,Investment Scam,1
17,8000.0,2,2.5,10,UPI Fraud,0
55,15000.0,2,0.38,7,UPI Fraud,0
27,1200000.0,4,0.63,11,Investment Scam,1
5,20000.0,1,1.23,3,Card Fraud,1
17,40000.0,1,0.77,7,Card Fraud,0
23,20000.0,2,1.14,14,Phishing,0
13,850000.0,2,0.2,12,Job Scam,1
22,25000.0,2,0.86,10,UPI Fraud,0
7,120000.0,2,0.57,10,UPI Fraud,1
21,250000.0,3,1.86,10,Job Scam,1
92,600000.0,3,1.84,11,Investment Scam,0
28,300000.0,4,0.89,13,Investment Scam,1
81,8000.0,3,0.56,10,UPI Fraud,0
187,600000.0,2,0.18,14,Investment Scam,1
31,8000.0,1,0.57,7,UPI Fraud,0
53,48000.0,3,1.56,9,UPI Fraud,0
96,2000000.0,5,3.11,11,Investment Scam,0
17,15000.0,2,1.15,6,UPI Fraud,0
4,40000.0,1,2.51,9,Card Fraud,1
132,2000000.0,2,1.61,7,Investment Scam,0
20,100000.0,2,0.27,9,Card Fraud,1
20,120000.0,2,1.22,7,UPI Fraud,1
12,120000.0,4,0.61,14,Job Scam,1
10,75000.0,3,3.12,9,Phishing,1
73,8000.0,3,0.44,7,UPI Fraud,0
21,600000.0,3,5.06,10,Investment Scam,1
99,20000.0,1,0.31,7,Phishing,0
8,10000.0,1,2.65,6,Card Fraud,1
5,85000.0,1,0.24,11,UPI Fraud,1
6,15000.0,3,2.06,8,UPI Fraud,1
345,2000000.0,3,1.83,11,Investment Scam,0
79,150000.0,3,0.29,9,Investment Scam,1
21,20000.0,2,1.96,12,Card Fraud,0
24,850000.0,3,0.72,3,Job Scam,1
13,8000.0,2,1.52,7,UPI Fraud,1
31,85000.0,2,2.21,6,UPI Fraud,0
96,850000.0,2,1.52,5,Job Scam,0
51,250000.0,2,1.3,9,Job Scam,0
8,120000.0,2,0.72,8,UPI Fraud,1
24,120000.0,3,0.64,6,UPI Fraud,1
6,8000.0,1,1.95,5,UPI Fraud,1
102,75000.0,2,4.95,7,Phishing,0
60,15000.0,3,4.04,9,UPI Fraud,0
22,120000.0,3,0.65,13,Job Scam,1
17,48000.0,2,0.99,10,UPI Fraud,1
81,8000.0,3,2.75,3,UPI Fraud,0
44,45000.0,1,1.29,10,Phishing,0
27,25000.0,1,1.41,2,UPI Fraud,0
119,250000.0,2,0.63,9,Job Scam,0
12,150000.0,2,0.8,13,Phishing,1
21,8000.0,1,2.23,10,UPI Fraud,0
20,8000.0,2,0.79,7,UPI Fraud,0
22,500000.0,2,0.28,11,Job Scam,1
26,15000.0,1,0.81,6,UPI Fraud,0
19,85000.0,1,0.3,7,UPI Fraud,1
41,1200000.0,3,0.26,14,Investment Scam,1
87,1200000.0,3,0.83,5,Investment Scam,0
3,20000.0,1,0.46,9,Card Fraud,1
118,1200000.0,2,1.43,14,Investment Scam,0
9,75000.0,2,2.87,12,Phishing,1
37,50000.0,1,0.25,10,Card Fraud,1
27,15000.0,2,1.53,12,UPI Fraud,0
87,250000.0,3,0.36,5,Job Scam,1
44,120000.0,1,0.52,9,UPI Fraud,0
25,75000.0,2,1.41,10,Phishing,0
33,48000.0,3,1.41,8,UPI Fraud,0
13,8000.0,2,0.25,6,UPI Fraud,1
40,2000000.0,4,0.77,10,Investment Scam,1
17,15000.0,1,1.75,7,UPI Fraud,0
43,8000.0,1,0.94,10,UPI Fraud,0
16,85000.0,2,0.71,11,UPI Fraud,1
11,25000.0,2,0.51,9,UPI Fraud,1
31,45000.0,3,1.96,6,Phishing,0
19,85000.0,3,2.27,8,UPI Fraud,1
84,75000.0,1,0.19,7,Phishing,1
40,8000.0,1,0.22,12,UPI Fraud,1
27,120000.0,4,1.21,8,Job Scam,1
25,48000.0,1,0.74,12,UPI Fraud,0
10,8000.0,1,1.58,9,UPI Fraud,1
4,48000.0,1,5.0,9,UPI Fraud,1
75,300000.0,3,0.38,11,Investment Scam,1
8,10000.0,1,0.93,9,Card Fraud,1
65,20000.0,3,1.03,10,Phishing,0
37,50000.0,4,1.33,8,Job Scam,1
29,150000.0,4,1.02,7,Investment Scam,1
26,120000.0,4,2.54,13,Job Scam,1
39,100000.0,1,3.52,13,Card Fraud,0
11,48000.0,2,2.06,8,UPI Fraud,1
12,8000.0,2,1.62,5,UPI Fraud,1
33,300000.0,3,0.82,10,Investment Scam,1
32,15000.0,1,0.23,9,UPI Fraud,1
59,8000.0,3,1.57,6,UPI Fraud,0
29,25000.0,3,0.36,16,UPI Fraud,1
8,15000.0,1,1.52,10,UPI Fraud,1
32,850000.0,4,0.38,8,Job Scam,1
49,600000.0,4,0.54,13,Investment Scam,1
56,120000.0,2,1.57,8,Job Scam,0
74,1200000.0,3,4.61,8,Investment Scam,0
107,150000.0,4,1.36,9,Investment Scam,0
21,25000.0,3,0.34,11,UPI Fraud,1
31,48000.0,3,0.16,6,UPI Fraud,1
193,150000.0,3,1.49,8,Investment Scam,0
44,45000.0,2,1.09,4,Phishing,0
43,45000.0,2,2.3,13,Phishing,0
12,40000.0,1,0.7,9,Card Fraud,1
19,25000.0,2,2.35,6,UPI Fraud,0
9,40000.0,2,1.87,4,Card Fraud,1
11,25000.0,2,0.6,11,UPI Fraud,1
13,15000.0,2,1.5,8,UPI Fraud,1
6,120000.0,3,0.32,5,UPI Fraud,1
14,45000.0,3,2.53,11,Phishing,1
16,45000.0,2,1.68,8,Phishing,0
33,120000.0,2,1.02,13,Job Scam,0
8,8000.0,3,1.15,8,UPI Fraud,1
21,250000.0,3,2.54,9,Job Scam,1
25,75000.0,1,0.41,10,Phishing,1
18,85000.0,2,0.71,8,UPI Fraud,1
26,75000.0,2,0.39,13,Phishing,1
17,50000.0,1,0.38,3,Card Fraud,1
60,500000.0,3,0.89,13,Job Scam,0
9,100000.0,1,2.32,11,Card Fraud,1
30,120000.0,2,1.91,6,Job Scam,0
56,300000.0,2,1.99,6,Investment Scam,0
26,250000.0,2,0.23,6,Job Scam,1
14,50000.0,1,0.74,10,Card Fraud,1
11,25000.0,1,0.84,9,UPI Fraud,1
27,25000.0,1,0.3,13,UPI Fraud,1
15,25000.0,3,3.58,8,UPI Fraud,0
198,850000.0,4,0.74,4,Job Scam,0
60,120000.0,3,1.2,9,Job Scam,0
25,300000.0,2,0.68,9,Investment Scam,1
45,500000.0,3,0.6,8,Job Scam,1
20,250000.0,2,3.02,7,Job Scam,0
26,8000.0,1,0.92,5,UPI Fraud,0
17,100000.0,2,5.7,13,Card Fraud,1
49,120000.0,2,0.18,11,UPI Fraud,1
13,48000.0,2,1.03,3,UPI Fraud,1
34,150000.0,2,1.69,5,Phishing,0
20,48000.0,2,0.55,5,UPI Fraud,1
48,120000.0,3,0.22,8,Job Scam,1
14,10000.0,1,0.69,13,Card Fraud,1
186,250000.0,2,2.0,6,Job Scam,0
27,100000.0,1,3.68,13,Card Fraud,0
39,2000000.0,3,1.52,11,Investment Scam,0
15,250000.0,2,0.9,6,Job Scam,1
50,75000.0,1,1.06,7,Phishing,0
22,120000.0,2,0.52,12,Job Scam,1
86,250000.0,4,0.16,9,Job Scam,1
37,20000.0,1,0.95,8,Card Fraud,0
4,48000.0,2,0.33,12,UPI Fraud,1
30,85000.0,1,2.22,9,UPI Fraud,0
103,2000000.0,3,2.74,11,Investment Scam,0
10,40000.0,1,0.9,6,Card Fraud,1
51,20000.0,2,1.7,7,Phishing,0
25,100000.0,1,0.72,10,Card Fraud,1
175,600000.0,3,1.79,8,Investment Scam,0
19,45000.0,1,1.51,7,Phishing,0
15,120000.0,3,2.9,13,Job Scam,1
96,1200000.0,4,1.54,9,Investment Scam,0
26,600000.0,4,0.51,5,Investment Scam,1
5,48000.0,1,0.52,4,UPI Fraud,1
57,15000.0,1,1.42,14,UPI Fraud,0
19,850000.0,2,1.23,8,Job Scam,1
12,8000.0,2,0.56,4,UPI Fraud,1
10,45000.0,1,3.41,8,Phishing,1
26,20000.0,2,5.16,14,Phishing,0
34,75000.0,1,1.34,9,Phishing,0
40,8000.0,2,4.31,15,UPI Fraud,0
75,1200000.0,2,3.49,5,Investment Scam,0
17,48000.0,2,1.72,6,UPI Fraud,0
24,50000.0,2,1.73,9,Card Fraud,0
6,48000.0,2,2.35,11,UPI Fraud,1
6,48000.0,1,1.49,8,UPI Fraud,1
45,1200000.0,3,4.34,7,Investment Scam,0
35,120000.0,2,0.45,9,UPI Fraud,1
14,50000.0,4,0.74,7,Job Scam,1
16,10000.0,1,1.55,13,Card Fraud,0
108,50000.0,3,0.27,10,Job Scam,1
19,850000.0,2,0.29,8,Job Scam,1
36,48000.0,2,0.41,11,UPI Fraud,0
110,1200000.0,4,0.2,6,Investment Scam,1
22,600000.0,4,0.26,6,Investment Scam,1
15,15000.0,2,1.95,5,UPI Fraud,0
25,48000.0,3,2.54,12,UPI Fraud,0
44,50000.0,2,2.13,12,Card Fraud,0
25,75000.0,2,3.8,18,Phishing,0
51,850000.0,2,2.27,7,Job Scam,0
29,75000.0,1,1.27,9,Phishing,0
29,48000.0,1,1.28,7,UPI Fraud,0
18,15000.0,2,1.91,6,UPI Fraud,0
171,300000.0,2,0.83,12,Investment Scam,0
21,40000.0,2,0.71,8,Card Fraud,0
30,850000.0,4,1.21,11,Job Scam,1
8,150000.0,2,5.32,7,Phishing,1
19,20000.0,2,0.86,6,Phishing,0
41,40000.0,2,0.62,6,Card Fraud,0
137,850000.0,3,3.56,10,Job Scam,0
29,100000.0,1,0.46,13,Card Fraud,1
60,500000.0,2,0.78,8,Job Scam,0
96,8000.0,2,0.79,10,UPI Fraud,0
17,15000.0,3,2.69,10,UPI Fraud,0
15,120000.0,1,0.58,7,UPI Fraud,1
3,40000.0,1,1.59,13,Card Fraud,1
11,150000.0,1,1.47,8,Phishing,1
14,120000.0,2,0.64,16,UPI Fraud,1
5,20000.0,1,0.42,8,Card Fraud,1
53,20000.0,3,1.04,5,Phishing,0
205,300000.0,5,0.36,10,Investment Scam,1
13,8000.0,2,1.09,5,UPI Fraud,1
20,120000.0,2,0.23,10,UPI Fraud,1
17,20000.0,1,0.36,6,Card Fraud,1
52,850000.0,4,0.49,15,Job Scam,1
9,75000.0,2,3.28,11,Phishing,1
18,48000.0,3,4.32,11,UPI Fraud,0
21,85000.0,2,0.4,12,UPI Fraud,1
15,20000.0,2,0.74,14,Card Fraud,1
22,50000.0,2,0.83,10,Card Fraud,1
52,250000.0,3,1.61,10,Job Scam,0
9,15000.0,2,0.61,6,UPI Fraud,1
51,300000.0,4,0.19,12,Investment Scam,1
24,1200000.0,3,0.36,3,Investment Scam,1
9,15000.0,2,1.1,10,UPI Fraud,1
23,100000.0,1,0.49,5,Card Fraud,1
79,45000.0,1,0.24,9,Phishing,0
14,850000.0,3,0.58,13,Job Scam,1
36,25000.0,2,0.79,8,UPI Fraud,0
48,75000.0,2,1.06,11,Phishing,0
49,120000.0,2,1.53,7,Job Scam,0
29,20000.0,2,1.26,9,Phishing,0
60,15000.0,1,2.71,11,UPI Fraud,0
52,300000.0,3,1.57,3,Investment Scam,0
22,40000.0,1,2.6,9,Card Fraud,0
6,85000.0,1,2.09,9,UPI Fraud,1
8,15000.0,1,0.75,7,UPI Fraud,1
20,150000.0,1,0.25,12,Phishing,1
5,50000.0,1,0.86,8,Card Fraud,1
15,25000.0,2,1.28,9,UPI Fraud,1
27,2000000.0,3,0.61,7,Investment Scam,1
5,15000.0,1,1.61,11,UPI Fraud,1
9,100000.0,2,0.72,13,Card Fraud,1
20,15000.0,1,1.49,8,UPI Fraud,0
41,85000.0,1,1.09,9,UPI Fraud,0
46,250000.0,4,0.55,11,Job Scam,1
12,250000.0,3,1.04,18,Job Scam,1
23,85000.0,2,1.38,13,UPI Fraud,1
4,25000.0,3,3.13,8,UPI Fraud,1
21,120000.0,2,1.58,15,UPI Fraud,1
27,85000.0,2,0.66,9,UPI Fraud,1
15,48000.0,2,1.8,8,UPI Fraud,0
51,50000.0,3,0.62,6,Job Scam,0
7,85000.0,3,0.75,7,UPI Fraud,1
74,300000.0,3,1.06,12,Investment Scam,0
81,150000.0,4,1.68,8,Investment Scam,0
17,85000.0,2,1.04,8,UPI Fraud,1
19,120000.0,1,3.38,11,UPI Fraud,0
14,20000.0,1,2.03,7,Card Fraud,0
3,100000.0,2,0.86,4,Card Fraud,1
30,1200000.0,4,2.27,4,Investment Scam,0
115,8000.0,2,0.37,16,UPI Fraud,0
27,15000.0,2,0.25,12,UPI Fraud,1
28,20000.0,1,1.82,8,Phishing,0
73,20000.0,2,1.89,9,Phishing,0
17,15000.0,3,2.18,12,UPI Fraud,1
7,85000.0,2,1.07,9,UPI Fraud,1
60,2000000.0,4,3.5,11,Investment Scam,0
8,25000.0,2,1.74,7,UPI Fraud,1
8,10000.0,1,0.43,6,Card Fraud,1
36,20000.0,1,1.3,8,Phishing,0
20,15000.0,2,1.52,15,UPI Fraud,0
24,85000.0,2,0.98,8,UPI Fraud,1
44,50000.0,1,2.88,7,Card Fraud,0
36,25000.0,2,0.5,10,UPI Fraud,0
25,25000.0,3,0.75,8,UPI Fraud,0
23,25000.0,2,1.87,8,UPI Fraud,0
20,15000.0,2,1.32,5,UPI Fraud,0
12,40000.0,1,0.89,6,Card Fraud,1
13,45000.0,2,0.77,5,Phishing,1
49,1200000.0,4,1.99,13,Investment Scam,0
9,45000.0,1,0.26,18,Phishing,1
36,15000.0,1,2.89,9,UPI Fraud,0
25,75000.0,2,0.65,14,Phishing,1
8,75000.0,1,2.21,8,Phishing,1
15,250000.0,2,0.69,11,Job Scam,1
74,75000.0,3,0.97,10,Phishing,0
6,20000.0,1,0.5,8,Card Fraud,1
25,1200000.0,2,2.08,9,Investment Scam,0
5,85000.0,3,2.07,7,UPI Fraud,1
22,120000.0,2,1.76,9,UPI Fraud,0
5,15000.0,1,0.49,6,UPI Fraud,1
5,50000.0,2,2.8,7,Card Fraud,1
4,48000.0,2,0.34,9,UPI Fraud,1
9,120000.0,1,1.51,10,UPI Fraud,1
21,15000.0,2,0.52,7,UPI Fraud,1
44,120000.0,4,0.91,13,Job Scam,1
77,120000.0,3,0.29,11,UPI Fraud,1
43,150000.0,4,1.49,8,Investment Scam,0
18,10000.0,1,1.44,9,Card Fraud,0
34,120000.0,3,0.29,11,Job Scam,1
130,600000.0,2,0.38,14,Investment Scam,0
72,20000.0,1,0.52,7,Phishing,0
70,2000000.0,4,1.29,12,Investment Scam,0
13,20000.0,1,0.92,10,Phishing,1
9,48000.0,3,0.17,11,UPI Fraud,1
29,15000.0,3,0.29,13,UPI Fraud,1
25,75000.0,1,0.83,7,Phishing,0
15,15000.0,2,0.21,13,UPI Fraud,1
19,150000.0,1,2.3,8,Phishing,0
23,15000.0,1,4.6,9,UPI Fraud,0
26,48000.0,1,0.99,14,UPI Fraud,0
40,1200000.0,2,3.38,11,Investment Scam,0
15,15000.0,2,0.69,7,UPI Fraud,1
35,45000.0,2,3.89,11,Phishing,0
18,150000.0,2,1.58,13,Phishing,1
41,75000.0,2,1.35,10,Phishing,0
8,85000.0,2,0.2,7,UPI Fraud,1
55,2000000.0,5,0.4,9,Investment Scam,1
103,1200000.0,3,5.23,6,Investment Scam,0
37,500000.0,4,0.78,8,Job Scam,1
50,600000.0,2,1.21,7,Investment Scam,0
15,50000.0,3,0.32,10,Job Scam,1
78,120000.0,3,0.21,15,UPI Fraud,1
64,40000.0,2,0.77,8,Card Fraud,0
51,2000000.0,4,2.12,9,Investment Scam,0
10,20000.0,1,0.86,10,Phishing,1
7,85000.0,3,0.37,7,UPI Fraud,1
18,150000.0,1,0.17,8,Phishing,1
33,120000.0,2,5.35,5,UPI Fraud,0
10,10000.0,1,0.96,9,Card Fraud,1
33,150000.0,2,0.96,13,Phishing,0
75,48000.0,2,0.61,8,UPI Fraud,0
67,1200000.0,3,5.93,5,Investment Scam,0
144,250000.0,2,0.77,4,Job Scam,0
17,8000.0,3,1.04,11,UPI Fraud,1
24,20000.0,1,1.27,14,Card Fraud,0
5,120000.0,2,4.12,9,UPI Fraud,1
20,20000.0,2,1.58,8,Phishing,0
40,1200000.0,2,1.27,8,Investment Scam,0
45,15000.0,2,1.24,11,UPI Fraud,0
16,40000.0,2,2.32,17,Card Fraud,1
132,75000.0,3,0.53,12,Phishing,0
10,45000.0,1,0.92,12,Phishing,1
8,40000.0,1,0.85,7,Card Fraud,1
65,1200000.0,4,2.92,9,Investment Scam,0
5,8000.0,2,2.37,10,UPI Fraud,1
15,100000.0,1,2.1,14,Card Fraud,1
16,15000.0,2,0.97,10,UPI Fraud,1
8,48000.0,2,1.0,10,UPI Fraud,1
104,1200000.0,3,0.16,7,Investment Scam,1
4,50000.0,1,0.29,9,Card Fraud,1
162,1200000.0,5,0.24,10,Investment Scam,1
43,40000.0,1,2.26,9,Card Fraud,0
41,150000.0,2,2.13,16,Phishing,0
134,150000.0,4,1.45,8,Investment Scam,0
32,850000.0,4,0.2,11,Job Scam,1
97,300000.0,3,1.55,8,Investment Scam,0
8,15000.0,3,1.02,5,UPI Fraud,1
188,150000.0,5,1.33,13,Investment Scam,0
30,48000.0,1,1.78,10,UPI Fraud,0
46,300000.0,3,1.33,8,Investment Scam,0
45,15000.0,2,1.61,15,UPI Fraud,0
29,500000.0,3,2.6,9,Job Scam,0
35,10000.0,2,1.99,7,Card Fraud,0
33,600000.0,2,0.26,9,Investment Scam,1
48,850000.0,2,1.49,12,Job Scam,0
7,85000.0,2,0.59,7,UPI Fraud,1
34,10000.0,1,1.53,11,Card Fraud,0
34,25000.0,1,0.19,3,UPI Fraud,1
21,25000.0,2,0.25,9,UPI Fraud,1
15,85000.0,1,1.3,16,UPI Fraud,1
13,40000.0,1,2.0,16,Card Fraud,1
8,85000.0,2,2.14,7,UPI Fraud,1
28,50000.0,4,0.15,7,Job Scam,1
4,20000.0,1,1.69,10,Card Fraud,1
30,25000.0,1,2.62,7,UPI Fraud,0
69,15000.0,1,1.2,12,UPI Fraud,0
19,40000.0,1,0.96,8,Card Fraud,0
22,75000.0,2,0.74,11,Phishing,1
15,25000.0,1,4.04,9,UPI Fraud,0
27,120000.0,2,0.9,5,Job Scam,0
18,48000.0,1,0.26,4,UPI Fraud,1
23,120000.0,2,1.0,7,UPI Fraud,1
8,150000.0,3,3.62,9,Phishing,1
10,8000.0,1,1.73,12,UPI Fraud,1
14,15000.0,3,1.34,6,UPI Fraud,1
7,48000.0,2,0.44,4,UPI Fraud,1
46,2000000.0,5,0.48,16,Investment Scam,1
13,45000.0,2,4.66,9,Phishing,0
14,8000.0,1,0.74,9,UPI Fraud,1
31,85000.0,2,3.24,7,UPI Fraud,0
46,120000.0,3,0.94,6,Job Scam,0
12,20000.0,1,1.05,7,Card Fraud,1
19,40000.0,2,0.62,7,Card Fraud,1
23,85000.0,1,1.22,10,UPI Fraud,0
14,250000.0,3,2.14,13,Job Scam,1
56,850000.0,3,1.48,17,Job Scam,0
132,50000.0,3,1.57,8,Job Scam,0
9,25000.0,2,0.79,10,UPI Fraud,1
10,150000.0,1,2.68,7,Phishing,1
17,15000.0,1,0.23,9,UPI Fraud,1
17,20000.0,3,0.98,9,Phishing,1
36,150000.0,2,0.92,8,Investment Scam,0
98,150000.0,2,0.49,12,Phishing,0
17,15000.0,1,0.95,9,UPI Fraud,0
28,50000.0,3,2.31,8,Job Scam,0
59,850000.0,3,1.05,7,Job Scam,0
10,45000.0,2,4.04,10,Phishing,1
50,120000.0,1,1.25,11,UPI Fraud,0
26,150000.0,4,0.91,8,Investment Scam,1
13,85000.0,1,0.34,11,UPI Fraud,1
3,40000.0,1,0.21,8,Card Fraud,1
32,120000.0,2,0.16,13,UPI Fraud,1
21,120000.0,1,0.68,5,UPI Fraud,1
6,25000.0,1,0.54,12,UPI Fraud,1
73,15000.0,1,1.62,6,UPI Fraud,0
18,48000.0,2,2.18,12,UPI Fraud,0
59,25000.0,1,0.22,9,UPI Fraud,0
13,8000.0,1,0.91,11,UPI Fraud,1
73,20000.0,1,1.02,8,Phishing,0
12,10000.0,1,0.36,11,Card Fraud,1
75,75000.0,1,0.73,8,Phishing,0
24,85000.0,1,0.43,10,UPI Fraud,1
15,85000.0,1,2.21,7,UPI Fraud,1
30,15000.0,2,1.18,8,UPI Fraud,0
51,8000.0,2,3.25,4,UPI Fraud,0
18,48000.0,2,2.37,5,UPI Fraud,0
66,150000.0,2,0.84,10,Investment Scam,0
49,25000.0,2,1.77,7,UPI Fraud,0
89,20000.0,1,0.65,12,Phishing,0
8,40000.0,1,4.74,11,Card Fraud,1
60,300000.0,3,2.05,13,Investment Scam,0
9,85000.0,2,0.33,14,UPI Fraud,1
59,15000.0,1,1.51,11,UPI Fraud,0
13,8000.0,2,0.19,5,UPI Fraud,1
14,48000.0,2,1.0,9,UPI Fraud,1
124,2000000.0,4,1.28,14,Investment Scam,0
30,500000.0,4,0.97,6,Job Scam,1
28,850000.0,3,1.65,11,Job Scam,1
30,8000.0,2,1.55,11,UPI Fraud,0
6,50000.0,1,3.09,14,Card Fraud,1
22,48000.0,1,0.7,6,UPI Fraud,0
4,85000.0,2,0.7,12,UPI Fraud,1
31,48000.0,1,0.34,5,UPI Fraud,0
11,75000.0,1,0.42,14,Phishing,1
22,48000.0,3,2.51,6,UPI Fraud,0
16,45000.0,2,3.81,8,Phishing,0
38,850000.0,4,0.25,7,Job Scam,1
20,15000.0,2,0.93,10,UPI Fraud,0
29,48000.0,1,0.42,11,UPI Fraud,0
22,120000.0,3,1.29,15,Job Scam,1
6,100000.0,1,1.48,7,Card Fraud,1
23,15000.0,2,3.66,10,UPI Fraud,0
64,2000000.0,3,0.98,6,Investment Scam,0
29,15000.0,1,2.07,9,UPI Fraud,0
146,500000.0,3,1.89,2,Job Scam,0
35,15000.0,1,1.24,9,UPI Fraud,0
100,150000.0,4,0.87,9,Investment Scam,0
6,50000.0,1,2.06,14,Card Fraud,1
35,25000.0,2,1.36,11,UPI Fraud,0
41,2000000.0,4,0.88,9,Investment Scam,1
21,150000.0,2,2.51,12,Phishing,0
15,120000.0,1,0.63,8,UPI Fraud,1
17,25000.0,3,0.41,12,UPI Fraud,1
8,25000.0,3,1.0,11,UPI Fraud,1
74,850000.0,3,1.0,8,Job Scam,0
12,15000.0,2,1.38,5,UPI Fraud,1
97,100000.0,2,1.76,4,Card Fraud,0
21,120000.0,2,0.74,8,UPI Fraud,1
17,85000.0,2,3.08,9,UPI Fraud,1
70,250000.0,3,1.78,15,Job Scam,0
20,45000.0,2,1.73,5,Phishing,0
36,20000.0,1,1.05,16,Card Fraud,0
77,2000000.0,4,5.76,5,Investment Scam,0
46,8000.0,2,0.15,11,UPI Fraud,1
25,300000.0,5,2.15,4,Investment Scam,1
129,850000.0,4,0.16,4,Job Scam,1
138,300000.0,3,1.7,14,Investment Scam,0
5,15000.0,2,0.32,6,UPI Fraud,1
16,120000.0,2,3.74,9,UPI Fraud,1
55,2000000.0,4,2.22,11,Investment Scam,0
226,300000.0,3,0.31,5,Investment Scam,1
8,15000.0,2,1.72,8,UPI Fraud,1
10,8000.0,1,3.84,15,UPI Fraud,1
68,25000.0,3,2.72,12,UPI Fraud,0
86,15000.0,3,1.08,7,UPI Fraud,0
21,15000.0,1,1.93,10,UPI Fraud,0
31,2000000.0,4,3.54,9,Investment Scam,0
10,100000.0,2,0.97,8,Card Fraud,1
90,600000.0,3,0.68,7,Investment Scam,0
33,15000.0,1,1.3,11,UPI Fraud,0
54,50000.0,2,0.42,9,Card Fraud,1
3,20000.0,2,1.36,5,Card Fraud,1
20,48000.0,3,1.87,8,UPI Fraud,0
10,20000.0,1,1.45,6,Card Fraud,1
45,850000.0,3,2.55,11,Job Scam,0
51,48000.0,2,0.72,3,UPI Fraud,0
15,15000.0,1,1.75,6,UPI Fraud,0
27,25000.0,2,1.81,11,UPI Fraud,0
143,850000.0,3,0.61,7,Job Scam,0
58,48000.0,1,1.43,10,UPI Fraud,0
42,120000.0,2,0.28,11,Job Scam,1
28,300000.0,3,0.55,13,Investment Scam,1
74,250000.0,3,0.72,7,Job Scam,0
89,15000.0,2,2.88,11,UPI Fraud,0
21,8000.0,2,1.53,9,UPI Fraud,0
74,48000.0,1,1.29,5,UPI Fraud,0
7,8000.0,1,0.73,9,UPI Fraud,1
67,600000.0,4,0.73,11,Investment Scam,1
22,75000.0,1,1.09,4,Phishing,0
28,100000.0,1,0.22,11,Card Fraud,1
13,120000.0,3,0.57,7,UPI Fraud,1
46,75000.0,3,0.73,11,Phishing,1
46,45000.0,1,0.9,5,Phishing,0
107,50000.0,1,0.7,6,Card Fraud,0
52,2000000.0,3,0.8,10,Investment Scam,0
90,120000.0,3,2.27,13,UPI Fraud,0
52,850000.0,3,1.72,6,Job Scam,0
70,1200000.0,3,0.26,9,Investment Scam,1
33,10000.0,1,1.18,11,Card Fraud,0
5,85000.0,2,0.46,8,UPI Fraud,1
8,10000.0,2,2.16,6,Card Fraud,1
34,85000.0,2,1.22,11,UPI Fraud,0
172,150000.0,1,0.26,10,Phishing,0
38,2000000.0,2,1.01,11,Investment Scam,0
3,20000.0,1,0.89,9,Card Fraud,1
43,120000.0,2,0.47,10,Job Scam,1
4,48000.0,1,1.7,12,UPI Fraud,1
17,10000.0,1,0.21,9,Card Fraud,1
7,20000.0,2,2.17,10,Card Fraud,1
4,120000.0,2,1.64,6,UPI Fraud,1
36,20000.0,1,1.46,14,Phishing,0
14,40000.0,1,0.29,2,Card Fraud,1
14,15000.0,2,0.8,9,UPI Fraud,1
44,150000.0,2,0.34,11,Investment Scam,1
22,15000.0,1,0.21,6,UPI Fraud,1
43,2000000.0,4,0.35,8,Investment Scam,1
21,85000.0,2,2.87,5,UPI Fraud,0
34,8000.0,2,3.16,9,UPI Fraud,0
49,500000.0,3,0.28,8,Job Scam,1
46,250000.0,3,2.92,10,Job Scam,0
47,1200000.0,3,0.71,6,Investment Scam,0
9,48000.0,2,1.24,8,UPI Fraud,1
16,120000.0,2,0.66,12,Job Scam,1
18,75000.0,2,4.72,7,Phishing,0
15,85000.0,2,0.88,11,UPI Fraud,1
98,150000.0,3,0.84,17,Investment Scam,0
23,8000.0,2,0.44,10,UPI Fraud,1
47,300000.0,2,5.51,9,Investment Scam,0
33,20000.0,2,2.9,10,Phishing,0
5,8000.0,2,1.24,8,UPI Fraud,1
21,25000.0,1,2.49,3,UPI Fraud,0
43,100000.0,1,1.49,11,Card Fraud,0
52,25000.0,2,0.92,9,UPI Fraud,0
8,120000.0,2,0.16,15,UPI Fraud,1
8,20000.0,2,0.95,9,Card Fraud,1
14,250000.0,3,0.27,7,Job Scam,1
5,15000.0,2,0.64,6,UPI Fraud,1
6,48000.0,1,2.61,11,UPI Fraud,1
36,300000.0,3,2.13,9,Investment Scam,0
29,48000.0,2,0.9,14,UPI Fraud,0
33,85000.0,1,3.18,9,UPI Fraud,0
20,15000.0,3,0.63,12,UPI Fraud,1
16,120000.0,3,1.79,11,UPI Fraud,1
38,25000.0,3,1.25,8,UPI Fraud,0
6,120000.0,1,1.7,7,UPI Fraud,1
94,150000.0,4,0.58,15,Investment Scam,1
6,120000.0,2,0.57,10,UPI Fraud,1
51,150000.0,5,2.04,5,Investment Scam,0
94,45000.0,2,0.78,9,Phishing,0
12,45000.0,2,1.18,8,Phishing,1
198,300000.0,4,3.82,9,Investment Scam,0
42,150000.0,5,1.03,14,Investment Scam,1
83,25000.0,2,0.4,12,UPI Fraud,0
289,2000000.0,2,0.34,5,Investment Scam,0
61,500000.0,4,0.97,5,Job Scam,0
38,45000.0,1,0.79,15,Phishing,0
16,15000.0,3,0.7,11,UPI Fraud,1
86,100000.0,1,2.26,6,Card Fraud,0
38,120000.0,2,0.78,4,UPI Fraud,0
28,500000.0,3,0.85,10,Job Scam,1
21,45000.0,1,0.46,9,Phishing,0
15,15000.0,1,0.45,14,UPI Fraud,1
40,150000.0,4,2.88,13,Investment Scam,0
25,8000.0,2,0.73,10,UPI Fraud,0
45,2000000.0,4,0.74,8,Investment Scam,1
4,120000.0,2,0.67,12,UPI Fraud,1
184,1200000.0,2,0.66,5,Investment Scam,0
9,45000.0,2,1.15,8,Phishing,1
4,120000.0,3,0.19,14,UPI Fraud,1
32,85000.0,2,0.68,10,UPI Fraud,1
21,20000.0,1,3.08,9,Card Fraud,0
11,25000.0,2,0.44,6,UPI Fraud,1
59,8000.0,2,0.34,8,UPI Fraud,0
52,120000.0,2,0.17,13,UPI Fraud,1
6,48000.0,2,1.99,8,UPI Fraud,1
18,45000.0,3,0.28,7,Phishing,1
14,50000.0,1,1.27,13,Card Fraud,1
8,100000.0,1,1.64,9,Card Fraud,1
23,15000.0,2,0.19,10,UPI Fraud,1
7,15000.0,1,1.23,7,UPI Fraud,1
30,20000.0,3,1.28,12,Phishing,0
16,20000.0,2,0.37,12,Card Fraud,1
14,120000.0,2,0.69,13,UPI Fraud,1
62,25000.0,3,3.6,11,UPI Fraud,0
6,15000.0,2,0.25,9,UPI Fraud,1
33,8000.0,1,1.74,10,UPI Fraud,0
18,75000.0,2,0.23,12,Phishing,1
33,48000.0,3,5.01,17,UPI Fraud,0
16,100000.0,1,0.59,5,Card Fraud,1
8,45000.0,3,1.82,10,Phishing,1
9,120000.0,2,1.64,8,UPI Fraud,1
45,100000.0,1,0.36,13,Card Fraud,1
6,120000.0,2,5.11,3,UPI Fraud,1
18,45000.0,1,0.37,10,Phishing,1
111,300000.0,2,3.07,9,Investment Scam,0
26,150000.0,3,0.15,8,Investment Scam,1
62,300000.0,3,4.23,13,Investment Scam,0
41,300000.0,5,3.54,8,Investment Scam,0
19,8000.0,2,3.31,12,UPI Fraud,0
5,40000.0,1,3.38,10,Card Fraud,1
35,500000.0,2,0.24,3,Job Scam,1
59,20000.0,2,2.28,12,Phishing,0
20,10000.0,2,1.13,9,Card Fraud,0
25,85000.0,2,1.0,12,UPI Fraud,1
94,10000.0,2,2.17,5,Card Fraud,0
6,48000.0,1,4.38,9,UPI Fraud,1
62,500000.0,2,1.69,6,Job Scam,0
12,48000.0,2,1.48,6,UPI Fraud,1
42,2000000.0,4,0.71,10,Investment Scam,1
94,150000.0,3,0.94,9,Investment Scam,0
43,8000.0,2,0.59,5,UPI Fraud,0
35,8000.0,2,5.29,11,UPI Fraud,0
104,45000.0,3,0.46,6,Phishing,0
26,250000.0,3,0.32,4,Job Scam,1
27,8000.0,1,1.34,9,UPI Fraud,0
12,45000.0,2,3.06,5,Phishing,1
15,15000.0,2,4.07,7,UPI Fraud,0
51,850000.0,3,2.1,13,Job Scam,0
21,50000.0,1,2.38,6,Card Fraud,0
19,85000.0,2,1.93,12,UPI Fraud,1
33,8000.0,2,0.62,10,UPI Fraud,0
51,1200000.0,2,2.35,5,Investment Scam,0
63,85000.0,2,1.14,7,UPI Fraud,0
72,2000000.0,2,0.2,10,Investment Scam,1
39,120000.0,3,1.82,9,Job Scam,0
116,300000.0,4,0.9,12,Investment Scam,0
30,250000.0,2,1.08,7,Job Scam,0
106,850000.0,3,0.33,8,Job Scam,1
45,20000.0,1,0.43,11,Card Fraud,0
8,25000.0,2,0.63,10,UPI Fraud,1
89,120000.0,3,2.11,13,Job Scam,0
207,1200000.0,2,0.49,5,Investment Scam,0
38,120000.0,2,1.21,11,UPI Fraud,0
51,300000.0,3,4.42,8,Investment Scam,0
10,48000.0,1,0.25,10,UPI Fraud,1
44,15000.0,1,0.92,6,UPI Fraud,0
18,75000.0,2,1.06,13,Phishing,1
4,48000.0,1,1.77,5,UPI Fraud,1
21,850000.0,3,0.78,11,Job Scam,1
63,2000000.0,5,0.47,7,Investment Scam,1
46,600000.0,4,1.45,10,Investment Scam,0
5,25000.0,3,0.69,8,UPI Fraud,1
90,150000.0,2,0.22,13,Phishing,1
20,300000.0,3,0.33,8,Investment Scam,1
66,85000.0,1,4.43,7,UPI Fraud,0
145,1200000.0,2,3.16,9,Investment Scam,0
96,250000.0,3,1.0,12,Job Scam,0
25,250000.0,2,0.27,9,Job Scam,1
110,150000.0,2,4.99,13,Investment Scam,0
67,1200000.0,3,1.61,10,Investment Scam,0
40,1200000.0,2,2.87,7,Investment Scam,0
87,2000000.0,3,3.07,6,Investment Scam,0
50,120000.0,2,3.12,10,UPI Fraud,0
51,120000.0,2,0.16,10,UPI Fraud,1
18,15000.0,1,1.64,8,UPI Fraud,0
9,20000.0,1,0.47,13,Card Fraud,1
121,850000.0,2,2.51,7,Job Scam,0
69,40000.0,1,0.87,10,Card Fraud,0
292,1200000.0,4,0.21,10,Investment Scam,1
26,15000.0,1,0.51,5,UPI Fraud,0
110,150000.0,3,1.09,11,Investment Scam,0
26,85000.0,2,5.11,10,UPI Fraud,0
52,150000.0,2,0.52,11,Investment Scam,0
4,48000.0,1,2.16,9,UPI Fraud,1
27,85000.0,2,0.6,8,UPI Fraud,1
36,150000.0,2,0.78,10,Phishing,0
3,40000.0,1,0.58,13,Card Fraud,1
6,20000.0,1,1.85,12,Card Fraud,1
72,25000.0,3,0.39,7,UPI Fraud,0
6,8000.0,2,0.89,9,UPI Fraud,1
11,10000.0,1,1.73,9,Card Fraud,1
41,50000.0,2,0.37,10,Job Scam,1
28,48000.0,1,0.33,10,UPI Fraud,0
21,15000.0,2,0.48,16,UPI Fraud,1
16,120000.0,2,0.56,14,UPI Fraud,1
20,2000000.0,4,2.31,10,Investment Scam,1
39,8000.0,3,0.53,10,UPI Fraud,0
42,20000.0,2,6.58,11,Phishing,0
28,45000.0,2,0.47,11,Phishing,0
39,2000000.0,2,1.39,9,Investment Scam,0
12,250000.0,3,0.62,13,Job Scam,1
42,1200000.0,3,0.73,14,Investment Scam,1
41,8000.0,3,0.17,10,UPI Fraud,1
13,25000.0,1,0.38,13,UPI Fraud,1
20,850000.0,2,0.56,5,Job Scam,1
14,15000.0,3,0.46,6,UPI Fraud,1
81,300000.0,2,3.34,12,Investment Scam,0
14,15000.0,1,1.44,5,UPI Fraud,0
43,15000.0,1,0.81,10,UPI Fraud,0
30,85000.0,2,1.78,8,UPI Fraud,0
8,120000.0,2,0.37,12,UPI Fraud,1
